,year_quarter,gdp_s21,gdp_2,gdp_per_capita,schooling,rule_of_law,government_effectiveness,corruption_perceptions,fiscal_freedom,business_freedom,economic_freedom,usd_avg_q,eur_avg_q,interest_rate_avg_q,tax_burden,direct_tax_share,gov_expenditure_share,deflated_tax_revenue,cash_demand,deflated_M1,unemployment_rate,employment_rate,lfp_rate,electricity_consumptions,electricity,tax_burden_s,log_deflated_tax_revenue,dlog_deflated_tax_revenue,log_gdp_s21,dlog_gdp_s21,log_gdp_per_capita,dlog_gdp_per_capita,log_usd_avg_q,dlog_usd_avg_q,log_eur_avg_q,dlog_eur_avg_q,d_schooling,d_rule_of_law,d_government_effectiveness,d_corruption_perceptions,d_fiscal_freedom,d_business_freedom,d_economic_freedom,d_tax_burden,d_direct_tax_share,d_gov_expenditure_share,d_unemployment_rate,d_employment_rate,d_lfp_rate,d_cash_demand,d_interest_rate_avg_q,sdiff_deflated_M1,sdiff_tax_burden,sdiff_gdp_2
0,2010Q1,1341048000000.0,217074000000.0,29176.74907370945,82.35150201096829,33.8,33.8,24,78.0,39.0,46.0,7.987705555555555,11.072077855555555,10.25,29.376081940268246,71.52358032392077,33.71562128777052,10322031169.624876,0.32210357197006073,36833725264.42633,12.222222222222223,91.1111111111111,72.0,0.014893619457445297,32330175.501054805,,23.057546396395658,,27.924472513770937,,10.281127406470338,,2.0779035540273654,,2.4044264306023573,,,,,,,,,,,,,,,,,,,
1,2010Q2,1364544000000.0,255545000000.0,29687.94397220367,82.2037517026007,33.8,33.8,24,78.0,39.0,46.0,7.922430769230768,10.101016351648353,10.058333333333334,25.64621233011491,70.70465903297243,32.905972432544495,12273557606.417196,0.31179001648225035,46670472910.88488,12.222222222222223,91.1111111111111,72.0,0.013100775309647573,33478376.265038893,,23.23071299711703,0.17316660072137324,27.94184142281895,0.017368909048013137,10.298496315518351,0.017368909048013137,2.0696980740443816,-0.008205479982983821,2.3126360476605425,-0.09179038294181474,-0.1477503083675913,0.0,0.0,0.0,0.0,0.0,0.0,-3.7298696101533366,-0.8189212909483388,-0.8096488552260226,0.0,0.0,0.0,-0.010313555487810377,-0.19166666666666643,,,
2,2010Q3,1380542000000.0,300446000000.0,30036.007301541027,82.0560013942331,33.8,33.8,24,78.0,39.0,46.0,7.900627173913044,10.175620510869566,8.147833333333333,23.71194723443954,69.7285462893253,21.053212767395937,15504238805.231499,0.31531486311874446,59043320771.35472,12.222222222222223,91.1111111111111,72.0,0.01123537875525762,33756246.05502131,,23.464379294790408,0.233666297673377,27.953497291613335,0.011655868794385071,10.310152184312734,0.011655868794383295,2.0669421454247447,-0.002755928619636805,2.319994713338463,0.0073586656779203174,-0.1477503083675913,0.0,0.0,0.0,0.0,0.0,0.0,-1.9342650956753715,-0.9761127436471355,-11.852759665148557,0.0,0.0,0.0,0.0035248466364941056,-1.9105000000000008,,,
3,2010Q4,1399885000000.0,306281000000.0,30456.846717678825,81.9082510858655,33.8,33.8,24,78.0,39.0,46.0,7.931368478260868,10.785121010869569,7.75,25.28820057463758,70.7230415580561,33.90319652930113,16945940618.105,0.3026794459995639,60467793584.13955,12.222222222222223,91.1111111111111,72.0,0.011258479036859937,34482582.17888498,,23.55329415053296,0.08891485574255142,27.967411206318708,0.013913914705373287,10.32406609901811,0.013913914705375063,2.070825590526386,0.003883445101641403,2.3781675000720592,0.05817278673359638,-0.1477503083676055,0.0,0.0,0.0,0.0,0.0,0.0,1.5762533401980434,0.9944952687308017,12.84998376190519,0.0,0.0,0.0,-0.012635417119180536,-0.3978333333333328,,,
4,2011Q1,1428757000000.0,258591000000.0,31210.218770820364,82.63071480514373,34.599999999999994,33.4,23,77.0,47.0,46.0,7.944952222222224,10.849499677777777,7.75,28.247541484429078,50.38167938931297,32.67897954685198,13220536976.966692,0.2944145354944933,51891056924.640366,11.829436038514443,91.47180192572215,72.7,0.013459246666540461,34804400.54747365,-1.1285404558391683,23.30503728907505,-0.24825686145791082,27.987825951431006,0.020414745112297794,10.348500844878847,0.024434745860737905,2.072536786405113,0.0017111958787268122,2.3841189662760383,0.005951466203979017,0.722463719278224,0.7999999999999972,-0.3999999999999986,-1.0,-1.0,8.0,0.0,2.9593409097914964,-20.341362168743125,-1.2242169824491498,-0.3927861837077806,0.360690814611047,0.7000000000000028,-0.00826491050507061,0.0,15057331660.214035,-1.1285404558391683,41517000000.0
5,2011Q2,1431777000000.0,310277000000.0,31276.18860382057,83.35317852442195,34.599999999999994,33.4,23,77.0,47.0,46.0,7.970972527472528,11.476875923076925,7.75,25.99612604221389,52.69575998016365,33.22508597156734,17479637415.603127,0.29185852503712767,65148346101.374374,11.829436038514443,91.47180192572215,72.7,0.011208921313017374,34778704.782390915,0.3499137120989815,23.584302464144198,0.27926517506914905,27.989937446083427,0.0021114946524214417,10.350612339531267,0.0021114946524196654,2.0758065088801336,0.0032697224750206644,2.440334221720595,0.056215255444556966,0.722463719278224,0.0,0.0,0.0,0.0,0.0,0.0,-2.251415442215187,2.314080590850679,0.5461064247153615,0.0,0.0,0.0,-0.002556010457365643,0.0,18477873190.489494,0.3499137120989815,54732000000.0
6,2011Q3,1456604000000.0,368488000000.0,31818.51742630274,84.07564224370017,34.599999999999994,33.4,23,77.0,47.0,46.0,7.97170652173913,11.277828434782608,7.75,24.07560083367708,48.36280387800581,26.988422960856255,22443073657.356426,0.29345555477978064,78701690637.73874,11.829436038514443,91.47180192572215,72.7,0.009598886010705162,35370743.08312724,0.3636535992375407,23.834247880474024,0.24994541632982603,28.007128814847558,0.017191368764130743,10.3678037082954,0.01719136876413252,2.075898588042595,9.207916246145587e-05,2.4228387128896576,-0.017495508830937645,0.722463719278224,0.0,0.0,0.0,0.0,0.0,0.0,-1.9205252085368123,-4.332956102157837,-6.236663010711084,0.0,0.0,0.0,0.0015970297426529667,0.0,19658369866.384018,0.3636535992375407,68042000000.0
7,2011Q4,1468721000000.0,362635000000.0,32083.2049979794,84.7981059629784,34.599999999999994,33.4,23,77.0,47.0,46.0,7.9827695652173905,10.764995043478262,7.75,25.444482744357273,52.527565660134435,35.79626897569182,22782100229.38325,0.28319928727795735,72796853173.04648,11.829436038514443,91.47180192572215,72.7,0.009616733516347913,34873641.58700825,0.15628216971969167,23.849240986913323,0.014993106439298742,28.0154130699631,0.008284255115540873,10.37608796341094,0.008284255115540873,2.077285414559628,0.001386826517032702,2.3762996703868904,-0.04653904250276719,0.722463719278224,0.0,0.0,0.0,0.0,0.0,0.0,1.3688819106801944,4.164761782128622,8.807846014835562,0.0,0.0,0.0,-0.01025626750182329,0.0,12329059588.906929,0.15628216971969167,56354000000.0
8,2012Q1,1450569000000.0,292324000000.0,31787.301462080573,84.56855446952375,36.6,36.0,26,78.0,46.0,46.0,7.988154945054946,10.457435131868133,7.7258,28.584994731872854,52.49925802529416,33.866429030801434,16839479748.429754,0.27574687942490783,60465105668.5229,11.095890410958903,91.91780821917807,73.0,0.011581303272504388,33854928.978315726,0.3374532474437757,23.54699195148466,-0.30224903542866244,28.00297700917998,-0.012436060783119984,10.366822163924965,-0.009265799485975279,2.077959812593155,0.0006743980335270905,2.3473132212901757,-0.02898644909671466,-0.2295514934546503,2.000000000000007,2.6000000000000014,3.0,1.0,-1.0,0.0,3.1405119875155805,-0.02830763484027443,-1.9298399448903822,-0.7335456275555394,0.44600629345592324,0.29999999999999716,-0.007452407853049514,-0.024200000000000443,8574048743.882538,0.3374532474437757,33733000000.0
9,2012Q2,1458445000000.0,346005000000.0,31959.893587181374,84.3390029760691,36.6,36.0,26,78.0,46.0,46.0,7.990007692307692,10.262790648351649,7.5,26.77495989942342,50.10723996601999,34.08158841635237,21978776994.333008,0.2803294292648396,74407356946.28526,11.095890410958903,91.91780821917807,73.0,0.010112731028296646,34990554.99445781,0.778833857209527,23.813343142623737,0.26635119113907635,28.008391915567145,0.005414906387166241,10.372237070312133,0.005414906387168017,2.078191722519609,0.00023190992645405473,2.3285247957759587,-0.018788425514217,-0.2295514934546503,0.0,0.0,0.0,0.0,0.0,0.0,-1.8100348324494355,-2.3920180592741715,0.21515938555093328,0.0,0.0,0.0,0.004582549839931782,-0.22579999999999956,9259010844.910889,0.778833857209527,35728000000.0
10,2012Q3,1445681000000.0,387109000000.0,31680.187405771187,84.10945148261445,36.6,36.0,26,78.0,46.0,46.0,7.992956521739131,9.98611320652174,7.5,22.58330341066728,49.34661755622155,30.69822711432697,23408928385.9994,0.27789581581415446,85317503095.66086,11.095890410958903,91.91780821917807,73.0,0.00902465372611949,34935246.7926439,-1.4922974230097985,23.876383341493725,0.06304019886998802,27.99960160675209,-0.008790308815054715,10.363446761497077,-0.008790308815056491,2.07856071908688,0.00036899656727085173,2.301195448537466,-0.027329347238492563,-0.2295514934546503,0.0,0.0,0.0,0.0,0.0,0.0,-4.191656488756138,-0.7606224097984366,-3.383361302025399,0.0,0.0,0.0,-0.002433613450685157,0.0,6615812457.922119,-1.4922974230097985,18621000000.0
11,2012Q4,1444974000000.0,379231000000.0,31664.69443567897,83.8798999891598,36.6,36.0,26,78.0,46.0,46.0,7.992999999999999,10.372481402173912,7.5,25.56270452573761,51.455978180700356,41.31924869011236,25442186387.22911,0.26289708820969143,79278250942.9535,11.095890410958903,91.91780821917807,73.0,0.008940946081565737,33906839.23458256,0.11822178138033834,23.959674514619678,0.08329117312595358,27.99911244425148,-0.0004891625006102629,10.362957598996468,-0.0004891625006084865,2.078566158643882,5.439557002162587e-06,2.3391562802296813,0.03796083169221509,-0.2295514934546503,0.0,0.0,0.0,0.0,0.0,0.0,2.9794011150703312,2.1093606244788035,10.621021575785392,0.0,0.0,0.0,-0.014998727604463025,0.0,6481397769.907028,0.11822178138033834,16596000000.0
12,2013Q1,1444395000000.0,303753000000.0,31708.010449366673,83.29292780609094,35.6,35.199999999999996,25,78.0,48.0,46.0,7.992999999999999,10.548974966666668,7.5,28.85347634426656,55.92966033912461,36.90590710215208,18431187663.277702,0.25643590314843756,69363409078.92639,10.533515731874147,92.20246238030097,73.1,0.011125769449533147,33794858.47604042,0.2684816123937068,23.63731004840089,-0.32236446621878656,27.99871166469875,-0.0004007795527307678,10.364324623506842,0.0013670245103742928,2.078566158643882,0.0,2.356028695644118,0.016872415414436848,-0.5869721830688519,-1.0,-0.8000000000000043,-1.0,0.0,2.0,0.0,3.290771818528949,4.473682158424253,-4.413341587960282,-0.5623746790847566,0.28465416112290143,0.09999999999999432,-0.006461185061253871,0.0,8898303410.403488,0.2684816123937068,11429000000.0
13,2013Q2,1431923000000.0,354814000000.0,31434.21948060501,82.7059556230221,35.6,35.199999999999996,25,78.0,48.0,46.0,7.993,10.435608142857143,7.383333333333333,24.39458420468189,52.36773211145693,35.8027022609029,21447429572.400196,0.26110651585581823,87284101001.27774,10.533515731874147,92.20246238030097,73.1,0.009684631315294033,34362427.75504737,-2.3803756947415273,23.7888706416853,0.15156059328440818,27.99003941207157,-0.008672252627178523,10.355652370879666,-0.008672252627176746,2.078566158643882,0.0,2.345223817973995,-0.010804877670123059,-0.5869721830688377,0.0,0.0,0.0,0.0,0.0,0.0,-4.45889213958467,-3.5619282276676785,-1.1032048412491804,0.0,0.0,0.0,0.0046706127073806725,-0.11666666666666714,12876744054.992477,-2.3803756947415273,8809000000.0
14,2013Q3,1408739000000.0,398000000000.0,30925.273856826116,82.11898343995325,35.6,35.199999999999996,25,78.0,48.0,46.0,7.992999999999999,10.583157782608696,6.731166666666667,22.15535175879397,52.855861362716226,30.12844221105528,24912324710.25506,0.26367588661318947,104575701976.44844,10.533515731874147,92.20246238030097,73.1,0.008769889932257375,34904161.93038435,-0.4279516518733111,23.938628486244014,0.14975784455871377,27.973716093929184,-0.016323318142386967,10.339329052737279,-0.016323318142386967,2.078566158643882,0.0,2.3592638490629727,0.014040031088977667,-0.5869721830688519,0.0,0.0,0.0,0.0,0.0,0.0,-2.2392324458879216,0.48812925125929496,-5.674260049847618,0.0,0.0,0.0,0.0025693707573712365,-0.6521666666666661,19258198880.787582,-0.4279516518733111,10891000000.0
15,2013Q4,1513061000000.0,408631000000.0,33215.397449125194,81.5320112568844,35.6,35.199999999999996,25,78.0,48.0,46.0,7.992999999999999,10.875501782608696,6.5,22.414134023116212,52.491563044881,35.92404883623612,24735924582.08889,0.25971757753596425,100411693760.45532,10.533515731874147,92.20246238030097,73.1,0.008442382452268147,34498191.83852785,-3.1485705026214,23.931522460433808,-0.007106025810205807,28.045155867172543,0.07143977324335893,10.41076882598064,0.0714397732433607,2.078566158643882,0.0,2.3865127168398232,0.02724886777685054,-0.5869721830688519,0.0,0.0,0.0,0.0,0.0,0.0,0.2587822643222424,-0.36429831783522815,5.795606625180838,0.0,0.0,0.0,-0.003958309077225219,-0.23116666666666674,21133442817.501816,-3.1485705026214,29400000000.0
16,2014Q1,1441447000000.0,316905000000.0,31731.621839379037,82.09506280799442,35.4,39.6,26,79.0,60.0,49.0,8.862673333333333,12.147707166666668,6.5,26.354806645524686,57.42597255497805,35.22894873858096,18361972745.78947,0.27215665203645495,85381416672.45863,13.585434173669467,90.3361344537815,71.4,0.010597437753479324,33583810.11266365,-2.4986696987418746,23.633547664394378,-0.2979747960394299,27.996668586092607,-0.04848728107993594,10.365068997023863,-0.045699828956776045,2.181848449729989,0.10328229108610687,2.497140441416065,0.1106277245762417,0.5630515511100214,-0.20000000000000284,4.400000000000006,1.0,1.0,12.0,3.0,3.9406726224084743,4.934409510097055,-0.6951000976551569,3.051918441795321,-1.8663279265194745,-1.6999999999999886,0.012439074500490699,0.0,16018007593.532242,-2.4986696987418746,13152000000.0
17,2014Q2,1383366000000.0,382391000000.0,30453.042517313796,82.65811435910445,35.4,39.6,26,79.0,60.0,49.0,11.696175450549449,16.042706483516483,9.033333333333331,23.65440086194497,47.28027921899167,34.67633913978101,25002888208.398933,0.30205104709468905,117390787729.9393,13.585434173669467,90.3361344537815,71.4,0.008601311791185114,32890642.171430673,-0.7401833427369198,23.942257183477686,0.30870951908330824,27.95554077568206,-0.04112781041054703,10.323941186613316,-0.04112781041054703,2.459261903796881,0.2774134540668922,2.7752543215908063,0.27811388017474137,0.5630515511100214,0.0,0.0,0.0,0.0,0.0,0.0,-2.700405783579715,-10.14569333598638,-0.552609598799954,0.0,0.0,0.0,0.029894395058234102,2.5333333333333314,30106686728.66156,-0.7401833427369198,27577000000.0
18,2014Q3,1324191000000.0,440476000000.0,29150.380177078427,83.22116591021448,35.4,39.6,26,79.0,60.0,49.0,12.577152673913044,16.67308975,11.983866666666666,19.756104759396653,50.06923624094901,27.204002034163043,28946441977.328045,0.28649440252365527,147242107425.4557,13.585434173669467,90.3361344537815,71.4,0.006901091655859396,30397652.482063234,-2.3992469993973167,24.08871313107476,0.14645594759707237,27.911822822857648,-0.043717952824412265,10.280223233788906,-0.04371795282441049,2.5318818881273057,0.07261998433042471,2.813796027518311,0.03854170592750483,0.5630515511100356,0.0,0.0,0.0,0.0,0.0,0.0,-3.8982961025483185,2.788957021957337,-7.472337105617964,0.0,0.0,0.0,-0.015556644571033784,2.9505333333333343,42666405449.00725,-2.3992469993973167,42476000000.0
19,2014Q4,1269188000000.0,447143000000.0,27939.55910906041,83.7842174613245,35.4,39.6,26,79.0,60.0,49.0,14.433596282608695,18.025858836956523,13.3,23.822132964174774,46.08492381640834,35.571864034548234,37527320788.56718,0.2914302382079527,153445381118.0635,13.585434173669467,90.3361344537815,71.4,0.007052492208050319,31534725.233842436,1.4079989410585618,24.34833505901767,0.25962192794291283,27.869398441836093,-0.042424381021554325,10.237798852767352,-0.042424381021554325,2.669558564368983,0.13767667624167723,2.8918073290238104,0.07801130150549929,0.5630515511100214,0.0,0.0,0.0,0.0,0.0,0.0,4.066028204778121,-3.9843124245406685,8.367862000385191,0.0,0.0,0.0,0.0049358356842974516,1.316133333333335,53033687357.608185,1.4079989410585618,38512000000.0
20,2015Q1,1239000000000.0,375991000000.0,28861.67593392796,82.0543270079166,36.0,39.0,27,79.0,59.0,47.0,21.11566568888889,23.78934436666667,20.5006,29.955796814285446,49.69178139963118,33.518967209321495,34179402679.66102,0.2500603709374163,135771053527.8757,13.286713286713287,90.4895104895105,71.5,0.008281567059457944,31137946.80252652,3.6009901687607595,24.254889038754442,-0.09344602026322946,27.845325718575552,-0.02407272326054155,10.270269901810472,0.032471049043120814,3.0500152147129533,0.38045665034397036,3.169237764736562,0.2774304357127515,-1.7298904534079043,0.6000000000000014,-0.6000000000000014,1.0,0.0,-1.0,-2.0,6.133663850110672,3.6068575832228404,-2.052896825226739,-0.2987208869561808,0.15337603572899638,0.09999999999999432,-0.04136986727053643,7.200599999999998,50389636855.41707,3.6009901687607595,59086000000.0
21,2015Q2,1212057000000.0,456715000000.0,28234.056777602036,80.32443655450871,36.0,39.0,27,79.0,59.0,47.0,21.611451373626373,23.87087540659341,30.0,26.07440088457791,50.17579776581067,34.85900397403194,44872663146.6177,0.2941584186766745,168008980026.09573,13.286713286713287,90.4895104895105,71.5,0.0067246025743692445,30712268.647530492,2.4200000226329372,24.527094607671735,0.2722055689172933,27.82334003217278,-0.021985686402771876,10.248284215407697,-0.02198568640277543,3.0732233303933842,0.023208115680430907,3.17265911360342,0.003421348866857965,-1.72989045340789,0.0,0.0,0.0,0.0,0.0,0.0,-3.881395929707537,0.48401636617948895,1.3400367647104474,0.0,0.0,0.0,0.04409804773925824,9.499400000000001,50618192296.15643,2.4200000226329372,74324000000.0
22,2015Q3,1216781000000.0,566997000000.0,28344.09919657853,78.5945461011008,36.0,39.0,27,79.0,59.0,47.0,21.721891652173912,24.132549565217392,28.537633333333332,22.50798505106729,49.22598096217195,26.094564874240955,59468326955.46693,0.29145071869394823,206852280197.88968,13.286713286713287,90.4895104895105,71.5,0.005184958539759732,29398559.371681485,2.7518802916706377,24.808709687689177,0.28161508001744195,27.82722996304243,0.003889930869650726,10.252174146277348,0.003889930869650726,3.0783205839149153,0.005097253521531009,3.1835615336167957,0.010902420013375824,-1.7298904534079043,0.0,0.0,0.0,0.0,0.0,0.0,-3.566415833510618,-0.9498168036387185,-8.764439099790987,0.0,0.0,0.0,-0.002707699982726297,-1.462366666666668,59610172772.43399,2.7518802916706377,126521000000.0
23,2015Q4,1220834000000.0,588841000000.0,28438.511119548835,76.8646556476929,36.0,39.0,27,79.0,59.0,47.0,22.84912233695652,25.01613379347826,22.0,25.184982024009877,53.84090978054545,41.89270108569206,71528828554.49635,0.28147468553039573,215865989028.95273,13.286713286713287,90.4895104895105,71.5,0.004714518041077563,27761015.178261533,1.3628490598351028,24.993366401950862,0.18465671426168484,27.830555347678562,0.00332538463613119,10.255499530913479,0.00332538463613119,3.128912706841337,0.0505921229264219,3.219520968457446,0.03595943484065023,-1.7298904534079043,0.0,0.0,0.0,0.0,0.0,0.0,2.676996972942586,4.6149288183734996,15.798136211451105,0.0,0.0,0.0,-0.0099760331635525,-6.537633333333332,62420607910.88922,1.3628490598351028,141698000000.0
24,2016Q1,1236499000000.0,455298000000.0,28916.8508319594,76.90845110315563,37.0,39.6,29,79.0,57.0,47.0,25.65373637362637,28.276404373626377,22.0,32.273543920684915,49.47992660990004,35.14107244046756,54105868551.774,0.2652454729034128,166747572468.36334,13.642756680731363,90.29535864978904,71.1,0.005565477204032243,25339506.40041472,2.3177471063994695,24.714208492918967,-0.27915790903189475,27.843305115173223,0.012749767494661057,10.272179777949281,0.01668024703580251,3.2446892285960582,0.11577652175472108,3.342027689155183,0.12250672069773705,0.04379545546272823,1.0,0.6000000000000014,2.0,0.0,-2.0,0.0,7.0885618966750386,-4.360983170645412,-6.7516286452245,0.3560433940180765,-0.19415183972145655,-0.4000000000000057,-0.016229212626982903,0.0,30976518940.48764,2.3177471063994695,79307000000.0
25,2016Q2,1248089000000.0,535701000000.0,29187.895370727656,76.95224655861836,37.0,39.6,29,79.0,57.0,47.0,25.262259527472523,28.553679296703297,19.196233333333335,28.740864773446383,43.99289189563089,35.54785225340255,66084436314.31734,0.27592808896237775,203572994620.06387,13.642756680731363,90.29535864978904,71.1,0.004096020438447676,21942422.448968586,2.666463888868474,24.91419909941287,0.19999060649390188,27.85263469743562,0.009329582262395775,10.281509360211677,0.009329582262395775,3.229311563732332,-0.01537766486372627,3.351785799837376,0.0097581106821929,0.04379545546272823,0.0,0.0,0.0,0.0,0.0,0.0,-3.5326791472385324,-5.48703471426915,0.40677981293499244,0.0,0.0,0.0,0.010682616058964922,-2.8037666666666645,35564014593.96814,2.666463888868474,78986000000.0
26,2016Q3,1255579000000.0,671456000000.0,29363.05702692906,76.99604201408107,37.0,39.6,29,79.0,57.0,47.0,25.376012630434783,28.346334815217393,15.717733333333332,23.775988300052422,48.870026239419516,30.71778344374017,85374790878.7898,0.2762400341712033,259018615711.57343,13.642756680731363,90.29535864978904,71.1,0.0031334914585245573,21040016.40775065,1.2680032489851314,25.1703167053912,0.2561176059783321,27.858617936702665,0.0059832392670458034,10.287492599478723,0.0059832392670458034,3.233804343183823,0.004492779451490847,3.3444977384020915,-0.0072880614352843764,0.04379545546271402,0.0,0.0,0.0,0.0,0.0,0.0,-4.964876473393961,4.877134343788626,-4.830068809662382,0.0,0.0,0.0,0.0003119452088255481,-3.478500000000004,52166335513.68375,1.2680032489851314,104459000000.0
27,2016Q4,1267837000000.0,722912000000.0,29649.723459735036,77.0398374695438,37.0,39.6,29,79.0,57.0,47.0,25.889607076086953,27.95796031521739,14.290333333333336,26.314475344163608,49.97432062681851,38.61450632995441,108468132114.775,0.2770542478557845,280523796406.4188,13.642756680731363,90.29535864978904,71.1,0.003067383546388225,22174483.742866047,1.1294933201537312,25.40972225355687,0.23940554816566717,27.868333414784566,0.009715478081901097,10.297208077560624,0.009715478081901097,3.253841616981109,0.020037273797286037,3.3307019646051006,-0.013795773796990929,0.04379545546272823,0.0,0.0,0.0,0.0,0.0,0.0,2.5384870441111858,1.104294387398994,7.8967228862142385,0.0,0.0,0.0,0.0008142136845811776,-1.4273999999999951,64657807377.466095,1.1294933201537312,134071000000.0
28,2017Q1,1268374000000.0,591765000000.0,29784.874778381807,77.82963427574262,38.4,40.400000000000006,30,79.0,62.0,48.0,27.061055488888886,28.80885858888889,14.0,33.684942502513664,46.800748686763086,36.59106233048592,93000873961.85982,0.27520282422145786,236258611637.2521,11.980440097799512,90.09779951100245,81.8,0.0037283296100106026,22062949.71667924,1.4113985818287489,25.255874727494863,-0.15384752606200536,27.86875688113498,0.0004234663504156799,10.301755985870026,0.004547908309401549,3.2980956274841233,0.044254010503014474,3.360682929737803,0.02998096513270232,0.7897968061988223,1.3999999999999986,0.8000000000000043,1.0,0.0,5.0,1.0,7.370467158350056,-3.1735719400554245,-2.0234439994684905,-1.662316582931851,-0.1975591387865876,10.700000000000003,-0.00185142363432661,-0.29033333333333644,69511039168.88876,1.4113985818287489,136467000000.0
29,2017Q2,1274370000000.0,664307000000.0,29925.677183012598,78.61943108194146,38.4,40.400000000000006,30,79.0,62.0,48.0,26.46269275824175,29.06404804395605,12.9455,28.21019498514994,48.34193603813828,34.21899814393044,97689571871.66992,0.2764976356136029,273896044305.16678,12.75820170109356,89.42891859052247,82.3,0.003306899544977888,21967965.160256263,-0.5306697882964428,25.30506065408216,0.04918592658729537,27.873473054775527,0.004716173640545662,10.306472159510571,0.004716173640545662,3.2757359206382044,-0.022359706845918925,3.369501947957586,0.008819018219782926,0.7897968061988365,0.0,0.0,0.0,0.0,0.0,0.0,-5.474747517363724,1.5411873513751928,-2.372064186555477,0.7777616032940475,-0.6688809204799782,0.5,0.0012948113921450455,-1.0545000000000009,70323049685.1029,-0.5306697882964428,128606000000.0
30,2017Q3,1285293000000.0,833640000000.0,30182.178961828835,79.40922788814028,38.4,40.400000000000006,30,79.0,62.0,48.0,25.90217825,30.377727771739128,12.5,25.046410920781152,48.74042670173743,30.685415766997743,135425500423.63882,0.2796653137155617,348693676546.011,12.227602905569007,89.83050847457628,82.6,0.0026756947579934954,22305661.780536976,1.2704226207287306,25.631687513692253,0.3266268596100943,27.882007823848337,0.008534769072809922,10.315006928583381,0.008534769072809922,3.2543270674856926,-0.021408853152511842,3.413709700813475,0.04420775285588929,0.7897968061988223,0.0,0.0,0.0,0.0,0.0,0.0,-3.1637840643687873,0.39849066359914787,-3.5335823769326993,-0.5305987955245524,0.4015898840538057,0.29999999999999716,0.003167678101958782,-0.4454999999999991,89675060834.43756,1.2704226207287306,162184000000.0
31,2017Q4,1298154000000.0,891515000000.0,30484.1902570184,80.1990246943391,38.4,40.400000000000006,30,79.0,62.0,48.0,26.961676902173913,31.76426225,13.403233333333333,26.093099947841598,46.02957821616781,40.07951632894569,159755850391.01678,0.2745934199072708,378720404564.35834,11.850060459492141,90.2055622732769,82.7,0.002605878907536891,23231801.342527512,-0.22137539632200998,25.79691255169947,0.16522503800721822,27.891964371240594,0.00995654739225671,10.324963475975638,0.00995654739225671,3.2944164837453203,0.0400894162596277,3.458341829200872,0.04463212838739672,0.7897968061988223,0.0,0.0,0.0,0.0,0.0,0.0,1.0466890270604452,-2.7108484855696133,9.394100561947944,-0.37754244607686616,0.3750537987006197,0.10000000000000853,-0.005071893808290873,0.9032333333333327,98196608157.93951,-0.22137539632200998,168603000000.0
32,2018Q1,1306924000000.0,706141000000.0,30833.569258063908,80.52293642601548,39.6,42.800000000000004,32,80.0,63.0,52.0,27.32034352222222,33.5632985,15.919333333333334,31.588875309605307,50.393433215877195,35.679446456161024,120522099021.82532,0.27454584996279835,316025873742.34937,11.571254567600487,90.62119366626067,82.1,0.0033190200899898287,23436961.653655075,-2.0960671929083574,25.515098967434422,-0.28181358426504843,27.898697400448427,0.006733029207833141,10.336359286416016,0.011395810440378185,3.307631608643384,0.013215124898063646,3.513433163419964,0.05509133421909196,0.3239117316763753,1.2000000000000028,2.3999999999999986,2.0,1.0,1.0,4.0,5.495775361763709,4.363854999709382,-4.4000698727846626,-0.27880589189165406,0.4156313929837694,-0.6000000000000085,-4.756994447246976e-05,2.5161000000000016,79767262105.09726,-2.0960671929083574,114376000000.0
33,2018Q2,1319063000000.0,809938000000.0,31119.958288507634,80.84684815769185,39.6,42.800000000000004,32,80.0,63.0,52.0,26.178412450549448,31.267784593406596,17.0,28.841899009553817,48.68881407011513,37.658042961313086,143437221502.6879,0.2783161489311887,380382092271.51154,11.538461538461538,90.38461538461539,83.2,0.0027800838278265955,22516955.35342217,0.6317040244038772,25.68916329560593,0.1740643281715073,27.907942751980254,0.009245351531827595,10.345604637947845,0.009245351531829371,3.2649351188627005,-0.04269648978068341,3.442588321291454,-0.07084484212850972,0.3239117316763753,0.0,0.0,0.0,0.0,0.0,0.0,-2.7469763000514895,-1.7046191457620665,1.978596505152062,-0.03279302913894888,-0.23657828164527928,1.1000000000000085,0.003770298968390373,1.0806666666666658,106486047966.34476,0.6317040244038772,145631000000.0
34,2018Q3,1333457000000.0,994728000000.0,31459.548345695788,81.17075988936823,39.6,42.800000000000004,32,80.0,63.0,52.0,27.348997630434784,31.813137086956523,17.568833333333334,25.359324358015456,47.725349178593355,28.614887687890562,188177350140.57446,0.2792628231640074,463635688924.192,10.684273709483794,90.99639855942378,83.3,0.0022186261762177704,22069295.790167503,0.31291343723430387,25.96065070691124,0.27148741130531207,27.918795934079313,0.0108531820990585,10.356457820046906,0.010853182099060277,3.3086798784864935,0.043744759623792984,3.4598793204192635,0.017290999127809403,0.3239117316763753,0.0,0.0,0.0,0.0,0.0,0.0,-3.4825746515383607,-0.9634648915217738,-9.043155273422524,-0.8541878289777447,0.6117831748083944,0.09999999999999432,0.0009466742328186895,0.568833333333334,114942012378.18103,0.31291343723430387,161088000000.0
35,2018Q4,1345567000000.0,1049495000000.0,31745.253194420853,81.4946716210446,39.6,42.800000000000004,32,80.0,63.0,52.0,27.95018585869565,31.91373841304348,18.0,26.434494685539235,47.815492773458544,38.932553275623036,216384641943.87943,0.28697397240126016,486878162403.02075,10.684273709483794,91.11644657863145,83.3,0.002172202764449117,22797159.40275526,0.3413947376976374,26.100323410715724,0.13967270380448227,27.927836601488625,0.00904066740931242,10.365498487456216,0.009040667409310643,3.3304238492639957,0.02174397077750223,3.4630365883338334,0.003157267914569939,0.3239117316763753,0.0,0.0,0.0,0.0,0.0,0.0,1.0751703275237787,0.09014359486518941,10.317665587732474,0.0,0.1200480192076725,0.0,0.007711149237252746,0.43116666666666603,108157757838.66241,0.3413947376976374,157980000000.0
36,2019Q1,1362369000000.0,820006000000.0,32319.46803564142,82.24134276857095,38.2,42.6,30,82.0,66.0,52.0,27.305811266666662,31.0292602,18.0,30.06117028411987,53.59394637153078,34.671831669524366,148369690605.40863,0.2740780942504927,394209649854.9905,13.096862210095498,90.45020463847203,73.3,0.00277215866907609,22731867.41594408,-1.5277050254854352,25.72297290561617,-0.37735050509955315,27.94024621207242,0.012409610583794972,10.383425053206302,0.017926565750086,3.3070995464488346,-0.02332430281516107,3.434930636732313,-0.028105951601520296,0.7466711475263423,-1.3999999999999986,-0.20000000000000284,-2.0,2.0,3.0,0.0,3.6266755985806363,5.7784535980722325,-4.26072160609867,2.4125885006117045,-0.6662419401594235,-10.0,-0.012895878150767481,0.0,78183776112.64111,-1.5277050254854352,113865000000.0
37,2019Q2,1376313000000.0,932459000000.0,32650.261427364945,82.9880139160973,38.2,42.6,30,82.0,66.0,52.0,26.561455571428574,29.83274667032967,17.6389,27.662878475085765,51.997751458644295,36.24809240942497,174759038645.27908,0.2779926424473116,443549625418.9973,11.940298507462687,91.18046132971506,73.7,0.002437576411798465,22729400.63369185,-1.1790205344680516,25.886673940014738,0.1637010343985672,27.950429300502343,0.010183088429922549,10.393608141636227,0.010183088429924325,3.279461126247732,-0.027638420201102853,3.3956066717376605,-0.03932396499465263,0.7466711475263565,0.0,0.0,0.0,0.0,0.0,0.0,-2.398291809034106,-1.5961949128864816,1.5762607399006043,-1.1565637026328108,0.7302566912430279,0.4000000000000057,0.003914548196818912,-0.3611000000000004,63167533147.48578,-1.1790205344680516,122521000000.0
38,2019Q3,1367118000000.0,1111962000000.0,32432.12852167807,83.73468506362366,38.2,42.6,30,82.0,66.0,52.0,25.26130891304348,28.100943108695652,16.957866666666664,24.313043071615756,50.2655428963299,28.523348819474048,219893914228.03302,0.27304546035568195,547656600527.45544,11.351351351351353,91.62162162162161,74.0,0.0019837411260459534,22058447.500003107,-1.0462812863997009,26.116411058944685,0.22973711892994686,27.943725990354626,-0.00670331014771719,10.386904831488508,-0.006703310147718966,3.2292739331983653,-0.050187193049366474,3.335803138363523,-0.05980353337413735,0.7466711475263565,0.0,0.0,0.0,0.0,0.0,0.0,-3.34983540347001,-1.7322085623143977,-7.724743589950922,-0.5889471561113346,0.4411602919065558,0.29999999999999716,-0.004947182091629643,-0.6810333333333354,84020911603.26343,-1.0462812863997009,117234000000.0
39,2019Q4,1368945000000.0,1112771000000.0,32475.470426918953,84.48135621115,38.2,42.6,30,82.0,66.0,52.0,23.241033673913044,25.717066413043476,15.349466666666666,26.557270094206263,51.57826026930012,38.9003757286989,240219925821.41724,0.27038099967772405,567002353375.3486,11.621621621621621,91.35135135135134,74.0,0.0019119369259587972,21275479.650360968,0.12277540866702807,26.20482069827834,0.08840963933365487,27.945061486117364,0.0013354957627385033,10.388240327251248,0.0013354957627402797,3.1459194092180365,-0.08335452398032883,3.2471548342733985,-0.0886483040901247,0.7466711475263423,0.0,0.0,0.0,0.0,0.0,0.0,2.2442270225905077,1.3127173729702193,10.377026909224849,0.2702702702702684,-0.2702702702702737,0.0,-0.0026644606779578917,-1.6083999999999978,80124190972.32788,0.12277540866702807,63276000000.0
40,2020Q1,1380661000000.0,858415000000.0,32949.449196227426,83.89466696288078,38.6,42.400000000000006,33,81.0,61.0,55.0,25.052529670329672,27.615378021978024,11.602166666666667,29.7338583319257,54.83104326557093,34.79530297117361,158693378576.27615,0.2539306068702884,478610952161.09674,11.930294906166221,91.01876675603219,74.6,0.002507806571297644,21527387.77900467,-0.3273119521941723,25.790239740711538,-0.4145809575668018,27.953583485927968,0.008521999810604086,10.402729823439717,0.014489496188469175,3.2209748072757476,0.07505539805771111,3.3183727922682578,0.0712179579948593,-0.5866892482692236,0.3999999999999986,-0.19999999999999574,3.0,-1.0,-5.0,3.0,3.176588237719436,3.252782996270817,-4.105072757525285,0.3086732845446001,-0.3325845953191475,0.5999999999999943,-0.016450392807435654,-3.747299999999999,84401302306.10626,-0.3273119521941723,38409000000.0
41,2020Q2,1252647000000.0,879921000000.0,29894.397456947572,83.30797771461155,38.6,42.400000000000006,33,81.0,61.0,55.0,26.91433076923077,29.602817582417583,8.088866666666666,26.683361347211854,50.844469052461214,40.58857556530643,164929825715.0658,0.2760320320827355,588663233196.4141,13.132694938440492,90.42407660738714,73.1,0.002237091989373723,19684642.203817155,-0.9795171278739119,25.82878592168528,0.03854618097374285,27.85628002828813,-0.09730345763983905,10.305426365799878,-0.09730345763983905,3.2926588871015534,0.07168407982580582,3.3878695453950565,0.0694967531267987,-0.5866892482692236,0.0,0.0,0.0,0.0,0.0,0.0,-3.0504969847138454,-3.9865742131097193,5.793272594132816,1.2024000322742712,-0.5946901486450571,-1.5,0.022101425212447123,-3.513300000000001,145113607777.41675,-0.9795171278739119,-52538000000.0
42,2020Q3,1305082000000.0,1173113000000.0,31145.75776089198,82.72128846634233,38.6,42.400000000000006,33,81.0,61.0,55.0,27.599603260869568,32.24289456521739,6.0,24.583727228323273,47.07451484058838,32.08288545093269,259232604789.35422,0.2813311687728499,816905688916.073,13.287671232876711,90.27397260273973,73.0,0.0018286717208337384,21452385.684424296,0.27068415670751733,26.280991583596006,0.45220566191072464,27.897286989978195,0.04100696169006568,10.346433327489946,0.041006961690067456,3.3178013980136134,0.02514251091205999,3.47329769540783,0.0854281500127736,-0.5866892482692236,0.0,0.0,0.0,0.0,0.0,0.0,-2.0996341188885808,-3.769954211872836,-8.505690114373735,0.15497629443621896,-0.15010400464740314,-0.09999999999999432,0.005299136690114392,-2.088866666666666,269249088388.61755,0.27068415670751733,61151000000.0
43,2020Q4,1330899000000.0,1310577000000.0,31761.87998778113,82.1345992180731,38.6,42.400000000000006,33,81.0,61.0,55.0,28.26781956521739,33.69649021739131,6.0,27.336043589960756,52.237663216006034,42.97282036843314,352789494140.6522,0.2794428161251046,956451479382.6813,13.5989010989011,90.1098901098901,72.8,0.0016194497257890125,21224135.632753868,0.7787734957544927,26.589137382122768,0.3081457985267626,27.916875769667385,0.01958877968919026,10.366022107179136,0.01958877968919026,3.341724039803333,0.023922641789719812,3.517393684082662,0.044095988674831776,-0.5866892482692236,0.0,0.0,0.0,0.0,0.0,0.0,2.752316361637483,5.163148375417656,10.889934917500447,0.31122986602438907,-0.16408249284963006,-0.20000000000000284,-0.0018883526477453394,0.0,389449126007.33264,0.7787734957544927,197806000000.0
44,2021Q1,1336876000000.0,1019715000000.0,32145.405930499852,80.5779352912525,38.6,42.00000000000001,32,89.0,64.0,56.0,27.969396666666665,33.75689111111111,6.145166666666667,29.761325468390677,50.35351506702074,32.97847928097556,231482816656.51862,0.2805677105796905,795102891446.6039,15.03448275862069,89.10344827586206,72.5,0.0019647336741331622,20034683.98518697,0.02746713646497767,26.167771481612053,-0.42136590051071465,27.92135666479589,0.00448089512850558,10.378024824603063,0.012002717423927223,3.331110936250672,-0.010613103552661318,3.51918457754638,0.0017908934637183016,-1.5566639268206046,0.0,-0.3999999999999986,-1.0,8.0,3.0,1.0,2.425281878429921,-1.8841481489852967,-9.994341087457578,1.43558165971959,-1.0064418340280383,-0.29999999999999716,0.0011248944545859119,0.14516666666666733,316491939285.50714,0.02746713646497767,161300000000.0
45,2021Q2,1354415000000.0,1182310000000.0,32567.134104702272,79.0212713644319,38.6,42.00000000000001,32,89.0,64.0,56.0,27.59104065934066,33.23316813186813,7.333333333333333,28.32115096717443,51.39363488289166,36.668386463786995,292295325419.4616,0.2822706370959014,958954242100.8473,14.187327823691462,89.80716253443526,72.6,0.0017169276393971034,20299407.173355896,1.6377896199625752,26.401030516528827,0.2332590349167738,27.934390742718776,0.013034077922885245,10.391058902525948,0.013034077922885245,3.3174911062326373,-0.013619830018034573,3.503548417330501,-0.01563616021587899,-1.5566639268206046,0.0,0.0,0.0,0.0,0.0,0.0,-1.440174501216248,1.0401198158709235,3.6899071828114316,-0.8471549349292289,0.7037142585731999,0.09999999999999432,0.0017029265162109009,1.1881666666666657,370291008904.4332,1.6377896199625752,302389000000.0
46,2021Q3,1361964000000.0,1512884000000.0,32748.65106616268,77.4646074376113,38.6,42.00000000000001,32,89.0,64.0,56.0,26.911033695652172,31.738759782608696,7.9984,25.07674745717451,49.30933747269574,26.71926598470207,421421644754.4869,0.28666452745489895,1230237409584.5054,13.71742112482853,89.98628257887515,72.9,0.0013825271739323392,20916032.410074532,0.4930202288512362,26.766899700914095,0.36586918438526794,27.939948891588482,0.005558148869706514,10.396617051395655,0.005558148869706514,3.2925363770687652,-0.02495472916387209,3.4575386400629062,-0.04600977726759492,-1.5566639268205904,0.0,0.0,0.0,0.0,0.0,0.0,-3.2444035099999198,-2.084297410195923,-9.949120479084925,-0.4699066988629319,0.17912004443988394,0.30000000000001137,0.004393890358997565,0.6650666666666671,413331720668.4324,0.4930202288512362,339771000000.0
47,2021Q4,1397594000000.0,1735940000000.0,33605.380346442755,75.9079435107907,38.6,42.00000000000001,32,89.0,64.0,56.0,26.680642391304342,30.51671413043478,8.618266666666665,25.121691993962926,51.60364368059896,38.614566171641876,541673114044.5652,0.28099953755567225,1458806438173.0718,14.167812929848694,89.82118294360384,72.7,0.0012653481532416213,21965684.7313826,-2.2143515959978295,27.017928545822805,0.2510288449087099,27.965773302683203,0.025824411094721,10.422441462490374,0.025824411094719224,3.283938298392657,-0.0085980786761084,3.4182745377904067,-0.039264102272499546,-1.5566639268206046,0.0,0.0,0.0,0.0,0.0,0.0,0.044944536788417366,2.294306207903219,11.895300186939807,0.45039180502016407,-0.16509963527130367,-0.20000000000000284,-0.005664989899226702,0.619866666666665,502354958790.3905,-2.2143515959978295,425363000000.0
